Supply,Fuel,Year,Unit,Quantity
Exports,ADO,1973,PJ,24.2
Exports,ADO,1974,PJ,12.9
Exports,ADO,1975,PJ,14.9
Exports,ADO,1976,PJ,10.1
Exports,ADO,1977,PJ,20
Exports,ADO,1978,PJ,28.2
Exports,ADO,1979,PJ,24.5
Exports,ADO,1980,PJ,27.1
Exports,ADO,1981,PJ,25.7
Exports,ADO,1982,PJ,30.5
Exports,ADO,1983,PJ,40
Exports,ADO,1984,PJ,22.2
Exports,ADO,1985,PJ,22.3
Exports,ADO,1986,PJ,17.1
Exports,ADO,1987,PJ,26.3
Exports,ADO,1988,PJ,32.5
Exports,ADO,1989,PJ,27.1
Exports,ADO,1990,PJ,31.6
Exports,ADO,1991,PJ,29.9
Exports,ADO,1992,PJ,22.6
Exports,ADO,1993,PJ,29
Exports,ADO,1994,PJ,22.9
Exports,ADO,1995,PJ,42.8
Exports,ADO,1996,PJ,50.4
Exports,ADO,1997,PJ,48.9
Exports,ADO,1998,PJ,47.5
Exports,ADO,1999,PJ,39.3
Exports,ADO,2000,PJ,44.6
Exports,ADO,2001,PJ,36.6
Exports,ADO,2002,PJ,40.602
Exports,ADO,2003,PJ,33.673
Exports,ADO,2004,PJ,14.154
Exports,ADO,2005,PJ,16.166
Exports,ADO,2006,PJ,11.127
Exports,ADO,2007,PJ,17.822
Exports,ADO,2008,PJ,13.79
Exports,ADO,2009,PJ,7.217
Exports,ADO,2010,PJ,4.525
Exports,ADO,2011,PJ,5.004
Exports,ADO,2012,PJ,3.516
Exports,ADO,2013,PJ,2.354
Exports,ADO,2014,PJ,2.944
Exports,ADO,2015,PJ,2.004
Exports,ADO,2016,PJ,4.066
Exports,ADO,2017,PJ,3.319
Exports,ADO,2018,PJ,4.334
Exports,ADO,2019,PJ,3.167
Exports,ADO,2020,PJ,1.023
Exports,ADO,2021,PJ,0.722
Exports,ADO,2022,PJ,1.893
Exports,Automotive gasoline,1973,PJ,15.5
Exports,Automotive gasoline,1974,PJ,8.6
Exports,Automotive gasoline,1975,PJ,5.3
Exports,Automotive gasoline,1976,PJ,7.3
Exports,Automotive gasoline,1977,PJ,9.8
Exports,Automotive gasoline,1978,PJ,11.7
Exports,Automotive gasoline,1979,PJ,10.7
Exports,Automotive gasoline,1980,PJ,9.2
Exports,Automotive gasoline,1981,PJ,11.7
Exports,Automotive gasoline,1982,PJ,17.6
Exports,Automotive gasoline,1983,PJ,20.2
Exports,Automotive gasoline,1984,PJ,11.7
Exports,Automotive gasoline,1985,PJ,13.6
Exports,Automotive gasoline,1986,PJ,8.6
Exports,Automotive gasoline,1987,PJ,12.3
Exports,Automotive gasoline,1988,PJ,8.4
Exports,Automotive gasoline,1989,PJ,7.2
Exports,Automotive gasoline,1990,PJ,10.8
Exports,Automotive gasoline,1991,PJ,23.7
Exports,Automotive gasoline,1992,PJ,23.2
Exports,Automotive gasoline,1993,PJ,30.5
Exports,Automotive gasoline,1994,PJ,22.2
Exports,Automotive gasoline,1995,PJ,38.6
Exports,Automotive gasoline,1996,PJ,43.6
Exports,Automotive gasoline,1997,PJ,52
Exports,Automotive gasoline,1998,PJ,52.4
Exports,Automotive gasoline,1999,PJ,46.9
Exports,Automotive gasoline,2000,PJ,44.1
Exports,Automotive gasoline,2001,PJ,40.6
Exports,Automotive gasoline,2002,PJ,36.174
Exports,Automotive gasoline,2003,PJ,26.473
Exports,Automotive gasoline,2004,PJ,26.482
Exports,Automotive gasoline,2005,PJ,24.414
Exports,Automotive gasoline,2006,PJ,26.381
Exports,Automotive gasoline,2007,PJ,21.487
Exports,Automotive gasoline,2008,PJ,8.332
Exports,Automotive gasoline,2009,PJ,7.59
Exports,Automotive gasoline,2010,PJ,5.968
Exports,Automotive gasoline,2011,PJ,5.99
Exports,Automotive gasoline,2012,PJ,3.411
Exports,Automotive gasoline,2013,PJ,4.486
Exports,Automotive gasoline,2014,PJ,4.038
Exports,Automotive gasoline,2015,PJ,2.476
Exports,Automotive gasoline,2016,PJ,7.484
Exports,Automotive gasoline,2017,PJ,5.165
Exports,Automotive gasoline,2018,PJ,7.055
Exports,Automotive gasoline,2019,PJ,3.434
Exports,Automotive gasoline,2020,PJ,0.374
Exports,Automotive gasoline,2021,PJ,5.075
Exports,Automotive gasoline,2022,PJ,0.274
Exports,Aviation gasoline,1973,PJ,0.7
Exports,Aviation gasoline,1974,PJ,0.8
Exports,Aviation gasoline,1975,PJ,0.5
Exports,Aviation gasoline,1976,PJ,0.7
Exports,Aviation gasoline,1977,PJ,0.8
Exports,Aviation gasoline,1978,PJ,0.7
Exports,Aviation gasoline,1979,PJ,0.3
Exports,Aviation gasoline,1980,PJ,0.6
Exports,Aviation gasoline,1981,PJ,1.4
Exports,Aviation gasoline,1982,PJ,1.9
Exports,Aviation gasoline,1983,PJ,2.4
Exports,Aviation gasoline,1984,PJ,2.7
Exports,Aviation gasoline,1985,PJ,2.3
Exports,Aviation gasoline,1986,PJ,2.2
Exports,Aviation gasoline,1987,PJ,2.7
Exports,Aviation gasoline,1988,PJ,1.9
Exports,Aviation gasoline,1989,PJ,2.8
Exports,Aviation gasoline,1990,PJ,2.1
Exports,Aviation gasoline,1991,PJ,5.2
Exports,Aviation gasoline,1992,PJ,2.3
Exports,Aviation gasoline,1993,PJ,2
Exports,Aviation gasoline,1994,PJ,1.4
Exports,Aviation gasoline,1995,PJ,2.3
Exports,Aviation gasoline,1996,PJ,2.3
Exports,Aviation gasoline,1997,PJ,1.8
Exports,Aviation gasoline,1998,PJ,2.4
Exports,Aviation gasoline,1999,PJ,2.6
Exports,Aviation gasoline,2000,PJ,0.9
Exports,Aviation gasoline,2001,PJ,2.3
Exports,Aviation gasoline,2002,PJ,1.729
Exports,Aviation gasoline,2003,PJ,1.204
Exports,Aviation gasoline,2004,PJ,1.271
Exports,Aviation gasoline,2005,PJ,2.812
Exports,Aviation gasoline,2006,PJ,2.676
Exports,Aviation gasoline,2007,PJ,3.19
Exports,Aviation gasoline,2008,PJ,1.861
Exports,Aviation gasoline,2009,PJ,1.076
Exports,Aviation gasoline,2010,PJ,0.655
Exports,Aviation gasoline,2011,PJ,0.843
Exports,Aviation gasoline,2012,PJ,0.732
Exports,Aviation gasoline,2013,PJ,0.673
Exports,Aviation gasoline,2014,PJ,0.338
Exports,Aviation gasoline,2015,PJ,0.13
Exports,Aviation gasoline,2016,PJ,0.053
Exports,Aviation gasoline,2017,PJ,0.056
Exports,Aviation gasoline,2018,PJ,0.068
Exports,Aviation gasoline,2019,PJ,0.018
Exports,Aviation gasoline,2020,PJ,0.012
Exports,Aviation gasoline,2021,PJ,0.014
Exports,Aviation gasoline,2022,PJ,0.024
Exports,Aviation turbine fuel,1973,PJ,13.9
Exports,Aviation turbine fuel,1974,PJ,13.1
Exports,Aviation turbine fuel,1975,PJ,10.3
Exports,Aviation turbine fuel,1976,PJ,10
Exports,Aviation turbine fuel,1977,PJ,12
Exports,Aviation turbine fuel,1978,PJ,11.6
Exports,Aviation turbine fuel,1979,PJ,7.7
Exports,Aviation turbine fuel,1980,PJ,10.2
Exports,Aviation turbine fuel,1981,PJ,9.9
Exports,Aviation turbine fuel,1982,PJ,9.9
Exports,Aviation turbine fuel,1983,PJ,14.1
Exports,Aviation turbine fuel,1984,PJ,13.8
Exports,Aviation turbine fuel,1985,PJ,12.1
Exports,Aviation turbine fuel,1986,PJ,11.2
Exports,Aviation turbine fuel,1987,PJ,14.6
Exports,Aviation turbine fuel,1988,PJ,18.4
Exports,Aviation turbine fuel,1989,PJ,19.9
Exports,Aviation turbine fuel,1990,PJ,11.8
Exports,Aviation turbine fuel,1991,PJ,9.1
Exports,Aviation turbine fuel,1992,PJ,14.4
Exports,Aviation turbine fuel,1993,PJ,14.7
Exports,Aviation turbine fuel,1994,PJ,10.4
Exports,Aviation turbine fuel,1995,PJ,20.3
Exports,Aviation turbine fuel,1996,PJ,25.7
Exports,Aviation turbine fuel,1997,PJ,24.2
Exports,Aviation turbine fuel,1998,PJ,20.1
Exports,Aviation turbine fuel,1999,PJ,21.3
Exports,Aviation turbine fuel,2000,PJ,27.8
Exports,Aviation turbine fuel,2001,PJ,20.2
Exports,Aviation turbine fuel,2002,PJ,23.73
Exports,Aviation turbine fuel,2003,PJ,19.441
Exports,Aviation turbine fuel,2004,PJ,8.847
Exports,Aviation turbine fuel,2005,PJ,4.666
Exports,Aviation turbine fuel,2006,PJ,4.4
Exports,Aviation turbine fuel,2007,PJ,5.501
Exports,Aviation turbine fuel,2008,PJ,3.914
Exports,Aviation turbine fuel,2009,PJ,2.645
Exports,Aviation turbine fuel,2010,PJ,0.435
Exports,Aviation turbine fuel,2011,PJ,0.087
Exports,Aviation turbine fuel,2012,PJ,0.477
Exports,Aviation turbine fuel,2013,PJ,0.084
Exports,Aviation turbine fuel,2014,PJ,0.732
Exports,Aviation turbine fuel,2015,PJ,0.063
Exports,Aviation turbine fuel,2016,PJ,2.57
Exports,Aviation turbine fuel,2017,PJ,5.248
Exports,Aviation turbine fuel,2018,PJ,0.677
Exports,Aviation turbine fuel,2019,PJ,5.722
Exports,Aviation turbine fuel,2020,PJ,0.02
Exports,Aviation turbine fuel,2021,PJ,0.015
Exports,Aviation turbine fuel,2022,PJ,0.243
Exports,Bitumen,1973,PJ,0
Exports,Bitumen,1974,PJ,0
Exports,Bitumen,1975,PJ,0
Exports,Bitumen,1976,PJ,0
Exports,Bitumen,1977,PJ,0
Exports,Bitumen,1978,PJ,0
Exports,Bitumen,1979,PJ,0
Exports,Bitumen,1980,PJ,0
Exports,Bitumen,1981,PJ,0
Exports,Bitumen,1982,PJ,0
Exports,Bitumen,1983,PJ,0
Exports,Bitumen,1984,PJ,0
Exports,Bitumen,1985,PJ,0
Exports,Bitumen,1986,PJ,0
Exports,Bitumen,1987,PJ,0.1
Exports,Bitumen,1988,PJ,0
Exports,Bitumen,1989,PJ,0
Exports,Bitumen,1990,PJ,0
Exports,Bitumen,1991,PJ,0
Exports,Bitumen,1992,PJ,0
Exports,Bitumen,1993,PJ,0
Exports,Bitumen,1994,PJ,0
Exports,Bitumen,1995,PJ,0
Exports,Bitumen,1996,PJ,0
Exports,Bitumen,1997,PJ,0
Exports,Bitumen,1998,PJ,0
Exports,Bitumen,1999,PJ,0
Exports,Bitumen,2000,PJ,0.1
Exports,Bitumen,2001,PJ,
Exports,Bitumen,2002,PJ,
Exports,Bitumen,2003,PJ,
Exports,Bitumen,2004,PJ,
Exports,Bitumen,2005,PJ,
Exports,Bitumen,2006,PJ,
Exports,Bitumen,2007,PJ,
Exports,Bitumen,2008,PJ,
Exports,Bitumen,2009,PJ,
Exports,Bitumen,2010,PJ,
Exports,Bitumen,2011,PJ,
Exports,Bitumen,2012,PJ,
Exports,Bitumen,2013,PJ,
Exports,Bitumen,2014,PJ,
Exports,Bitumen,2015,PJ,
Exports,Bitumen,2016,PJ,
Exports,Bitumen,2017,PJ,
Exports,Bitumen,2018,PJ,
Exports,Bitumen,2019,PJ,
Exports,Bitumen,2020,PJ,
Exports,Bitumen,2021,PJ,
Exports,Bitumen,2022,PJ,
Exports,Black coal,1973,PJ,836.9
Exports,Black coal,1974,PJ,950.3
Exports,Black coal,1975,PJ,892.7
Exports,Black coal,1976,PJ,1038.4
Exports,Black coal,1977,PJ,1111
Exports,Black coal,1978,PJ,1118.7
Exports,Black coal,1979,PJ,1258.6
Exports,Black coal,1980,PJ,1377.2
Exports,Black coal,1981,PJ,1371.4
Exports,Black coal,1982,PJ,1608.4
Exports,Black coal,1983,PJ,1913.9
Exports,Black coal,1984,PJ,2398
Exports,Black coal,1985,PJ,2558.7
Exports,Black coal,1986,PJ,2718.2
Exports,Black coal,1987,PJ,2910.4
Exports,Black coal,1988,PJ,2834.4
Exports,Black coal,1989,PJ,2965.6
Exports,Black coal,1990,PJ,3217
Exports,Black coal,1991,PJ,3502.2
Exports,Black coal,1992,PJ,3660.6
Exports,Black coal,1993,PJ,3668.1
Exports,Black coal,1994,PJ,3882.8
Exports,Black coal,1995,PJ,3947.7
Exports,Black coal,1996,PJ,4147.2
Exports,Black coal,1997,PJ,4612.9
Exports,Black coal,1998,PJ,4805.8
Exports,Black coal,1999,PJ,5013.4
Exports,Black coal,2000,PJ,5517.6
Exports,Black coal,2001,PJ,5630.3
Exports,Black coal,2002,PJ,5934.218
Exports,Black coal,2003,PJ,6228.169
Exports,Black coal,2004,PJ,6614.705
Exports,Black coal,2005,PJ,6611.546
Exports,Black coal,2006,PJ,6951.666
Exports,Black coal,2007,PJ,7157.155
Exports,Black coal,2008,PJ,7384.427
Exports,Black coal,2009,PJ,8304.572
Exports,Black coal,2010,PJ,8055.01
Exports,Black coal,2011,PJ,8516.063
Exports,Black coal,2012,PJ,9475.823
Exports,Black coal,2013,PJ,10577.519
Exports,Black coal,2014,PJ,11067.145
Exports,Black coal,2015,PJ,11001.103
Exports,Black coal,2016,PJ,10685.805
Exports,Black coal,2017,PJ,10760.604
Exports,Black coal,2018,PJ,11131.284
Exports,Black coal,2019,PJ,11061.749
Exports,Black coal,2020,PJ,10323.577
Exports,Black coal,2021,PJ,10173.475
Exports,Black coal,2022,PJ,9606.136
Exports,Briquettes,1973,PJ,0.1
Exports,Briquettes,1974,PJ,0
Exports,Briquettes,1975,PJ,0
Exports,Briquettes,1976,PJ,1
Exports,Briquettes,1977,PJ,0.9
Exports,Briquettes,1978,PJ,0.6
Exports,Briquettes,1979,PJ,0.6
Exports,Briquettes,1980,PJ,0.9
Exports,Briquettes,1981,PJ,1
Exports,Briquettes,1982,PJ,1
Exports,Briquettes,1983,PJ,1.2
Exports,Briquettes,1984,PJ,1
Exports,Briquettes,1985,PJ,1.4
Exports,Briquettes,1986,PJ,1.2
Exports,Briquettes,1987,PJ,1.7
Exports,Briquettes,1988,PJ,0.5
Exports,Briquettes,1989,PJ,0.7
Exports,Briquettes,1990,PJ,1
Exports,Briquettes,1991,PJ,1.8
Exports,Briquettes,1992,PJ,1.3
Exports,Briquettes,1993,PJ,2.2
Exports,Briquettes,1994,PJ,2.3
Exports,Briquettes,1995,PJ,2.2
Exports,Briquettes,1996,PJ,2.1
Exports,Briquettes,1997,PJ,0.7
Exports,Briquettes,1998,PJ,
Exports,Briquettes,1999,PJ,
Exports,Briquettes,2000,PJ,
Exports,Briquettes,2001,PJ,
Exports,Briquettes,2002,PJ,
Exports,Briquettes,2003,PJ,
Exports,Briquettes,2004,PJ,
Exports,Briquettes,2005,PJ,
Exports,Briquettes,2006,PJ,
Exports,Briquettes,2007,PJ,
Exports,Briquettes,2008,PJ,
Exports,Briquettes,2009,PJ,
Exports,Briquettes,2010,PJ,
Exports,Briquettes,2011,PJ,
Exports,Briquettes,2012,PJ,
Exports,Briquettes,2013,PJ,
Exports,Briquettes,2014,PJ,
Exports,Briquettes,2015,PJ,
Exports,Briquettes,2016,PJ,
Exports,Briquettes,2017,PJ,
Exports,Briquettes,2018,PJ,
Exports,Briquettes,2019,PJ,
Exports,Briquettes,2020,PJ,
Exports,Briquettes,2021,PJ,
Exports,Briquettes,2022,PJ,
Exports,Coke,1973,PJ,3.8
Exports,Coke,1974,PJ,11.4
Exports,Coke,1975,PJ,4.9
Exports,Coke,1976,PJ,5.1
Exports,Coke,1977,PJ,4
Exports,Coke,1978,PJ,4
Exports,Coke,1979,PJ,3.3
Exports,Coke,1980,PJ,0.6
Exports,Coke,1981,PJ,0.2
Exports,Coke,1982,PJ,0.1
Exports,Coke,1983,PJ,0.4
Exports,Coke,1984,PJ,0.3
Exports,Coke,1985,PJ,5.9
Exports,Coke,1986,PJ,4.6
Exports,Coke,1987,PJ,22.1
Exports,Coke,1988,PJ,26.5
Exports,Coke,1989,PJ,15.5
Exports,Coke,1990,PJ,22.6
Exports,Coke,1991,PJ,19.6
Exports,Coke,1992,PJ,16.2
Exports,Coke,1993,PJ,14.3
Exports,Coke,1994,PJ,8
Exports,Coke,1995,PJ,11.4
Exports,Coke,1996,PJ,8.9
Exports,Coke,1997,PJ,4.8
Exports,Coke,1998,PJ,1.8
Exports,Coke,1999,PJ,0.6
Exports,Coke,2000,PJ,0.5
Exports,Coke,2001,PJ,2.42
Exports,Coke,2002,PJ,7.87
Exports,Coke,2003,PJ,
Exports,Coke,2004,PJ,
Exports,Coke,2005,PJ,
Exports,Coke,2006,PJ,
Exports,Coke,2007,PJ,
Exports,Coke,2008,PJ,
Exports,Coke,2009,PJ,
Exports,Coke,2010,PJ,
Exports,Coke,2011,PJ,16.3
Exports,Coke,2012,PJ,31.175
Exports,Coke,2013,PJ,27.335
Exports,Coke,2014,PJ,18.463
Exports,Coke,2015,PJ,20.398
Exports,Coke,2016,PJ,20.097
Exports,Coke,2017,PJ,19.705
Exports,Coke,2018,PJ,22.823
Exports,Coke,2019,PJ,26.486
Exports,Coke,2020,PJ,22.688
Exports,Coke,2021,PJ,22.118
Exports,Coke,2022,PJ,19.718
Exports,Crude oil and ORF,1973,PJ,0
Exports,Crude oil and ORF,1974,PJ,0
Exports,Crude oil and ORF,1975,PJ,0
Exports,Crude oil and ORF,1976,PJ,0
Exports,Crude oil and ORF,1977,PJ,7.8
Exports,Crude oil and ORF,1978,PJ,13.7
Exports,Crude oil and ORF,1979,PJ,4.7
Exports,Crude oil and ORF,1980,PJ,3.2
Exports,Crude oil and ORF,1981,PJ,1.6
Exports,Crude oil and ORF,1982,PJ,2.3
Exports,Crude oil and ORF,1983,PJ,39.1
Exports,Crude oil and ORF,1984,PJ,215.3
Exports,Crude oil and ORF,1985,PJ,186.9
Exports,Crude oil and ORF,1986,PJ,211
Exports,Crude oil and ORF,1987,PJ,238.8
Exports,Crude oil and ORF,1988,PJ,181.9
Exports,Crude oil and ORF,1989,PJ,266.5
Exports,Crude oil and ORF,1990,PJ,326.4
Exports,Crude oil and ORF,1991,PJ,332
Exports,Crude oil and ORF,1992,PJ,373.6
Exports,Crude oil and ORF,1993,PJ,352.9
Exports,Crude oil and ORF,1994,PJ,423.5
Exports,Crude oil and ORF,1995,PJ,403.3
Exports,Crude oil and ORF,1996,PJ,458.8
Exports,Crude oil and ORF,1997,PJ,547
Exports,Crude oil and ORF,1998,PJ,528.8
Exports,Crude oil and ORF,1999,PJ,772.5
Exports,Crude oil and ORF,2000,PJ,889.6
Exports,Crude oil and ORF,2001,PJ,885.6
Exports,Crude oil and ORF,2002,PJ,775.16
Exports,Crude oil and ORF,2003,PJ,648.446
Exports,Crude oil and ORF,2004,PJ,582.054
Exports,Crude oil and ORF,2005,PJ,481.95
Exports,Crude oil and ORF,2006,PJ,590.697
Exports,Crude oil and ORF,2007,PJ,591.077
Exports,Crude oil and ORF,2008,PJ,613.742
Exports,Crude oil and ORF,2009,PJ,668.378
Exports,Crude oil and ORF,2010,PJ,725.969
Exports,Crude oil and ORF,2011,PJ,644.683
Exports,Crude oil and ORF,2012,PJ,583.172
Exports,Crude oil and ORF,2013,PJ,548.221
Exports,Crude oil and ORF,2014,PJ,560.635
Exports,Crude oil and ORF,2015,PJ,513.977
Exports,Crude oil and ORF,2016,PJ,473.743
Exports,Crude oil and ORF,2017,PJ,482.272
Exports,Crude oil and ORF,2018,PJ,545.351
Exports,Crude oil and ORF,2019,PJ,625.608
Exports,Crude oil and ORF,2020,PJ,593.033
Exports,Crude oil and ORF,2021,PJ,622.885
Exports,Crude oil and ORF,2022,PJ,604.444
Exports,Fuel oil,1973,PJ,18.6
Exports,Fuel oil,1974,PJ,21.9
Exports,Fuel oil,1975,PJ,33.3
Exports,Fuel oil,1976,PJ,28.9
Exports,Fuel oil,1977,PJ,16
Exports,Fuel oil,1978,PJ,10.2
Exports,Fuel oil,1979,PJ,14.3
Exports,Fuel oil,1980,PJ,13.1
Exports,Fuel oil,1981,PJ,12.4
Exports,Fuel oil,1982,PJ,18.9
Exports,Fuel oil,1983,PJ,20.5
Exports,Fuel oil,1984,PJ,20.9
Exports,Fuel oil,1985,PJ,28.7
Exports,Fuel oil,1986,PJ,30.4
Exports,Fuel oil,1987,PJ,30.4
Exports,Fuel oil,1988,PJ,24.1
Exports,Fuel oil,1989,PJ,18
Exports,Fuel oil,1990,PJ,35.6
Exports,Fuel oil,1991,PJ,41.8
Exports,Fuel oil,1992,PJ,42.2
Exports,Fuel oil,1993,PJ,28.6
Exports,Fuel oil,1994,PJ,34.2
Exports,Fuel oil,1995,PJ,25.2
Exports,Fuel oil,1996,PJ,37.1
Exports,Fuel oil,1997,PJ,25.1
Exports,Fuel oil,1998,PJ,10
Exports,Fuel oil,1999,PJ,23.2
Exports,Fuel oil,2000,PJ,28.7
Exports,Fuel oil,2001,PJ,11.6
Exports,Fuel oil,2002,PJ,3.771
Exports,Fuel oil,2003,PJ,3.218
Exports,Fuel oil,2004,PJ,7.969
Exports,Fuel oil,2005,PJ,19.437
Exports,Fuel oil,2006,PJ,8.308
Exports,Fuel oil,2007,PJ,10.211
Exports,Fuel oil,2008,PJ,7.474
Exports,Fuel oil,2009,PJ,4.31
Exports,Fuel oil,2010,PJ,7.721
Exports,Fuel oil,2011,PJ,19.252
Exports,Fuel oil,2012,PJ,8.743
Exports,Fuel oil,2013,PJ,1.869
Exports,Fuel oil,2014,PJ,4.299
Exports,Fuel oil,2015,PJ,7.178
Exports,Fuel oil,2016,PJ,12.624
Exports,Fuel oil,2017,PJ,9.39
Exports,Fuel oil,2018,PJ,8.506
Exports,Fuel oil,2019,PJ,10.984
Exports,Fuel oil,2020,PJ,16.295
Exports,Fuel oil,2021,PJ,6.165
Exports,Fuel oil,2022,PJ,4.223
Exports,IDF,1973,PJ,1.8
Exports,IDF,1974,PJ,0.4
Exports,IDF,1975,PJ,0.4
Exports,IDF,1976,PJ,0.5
Exports,IDF,1977,PJ,1.7
Exports,IDF,1978,PJ,0.6
Exports,IDF,1979,PJ,0.8
Exports,IDF,1980,PJ,2.2
Exports,IDF,1981,PJ,1.7
Exports,IDF,1982,PJ,2.8
Exports,IDF,1983,PJ,2.1
Exports,IDF,1984,PJ,1.5
Exports,IDF,1985,PJ,2.4
Exports,IDF,1986,PJ,4.9
Exports,IDF,1987,PJ,3.8
Exports,IDF,1988,PJ,2.1
Exports,IDF,1989,PJ,2.2
Exports,IDF,1990,PJ,2.6
Exports,IDF,1991,PJ,2.2
Exports,IDF,1992,PJ,2.9
Exports,IDF,1993,PJ,2.2
Exports,IDF,1994,PJ,2.7
Exports,IDF,1995,PJ,3.6
Exports,IDF,1996,PJ,2.2
Exports,IDF,1997,PJ,1.5
Exports,IDF,1998,PJ,0
Exports,IDF,1999,PJ,2
Exports,IDF,2000,PJ,4.7
Exports,IDF,2001,PJ,
Exports,IDF,2002,PJ,
Exports,IDF,2003,PJ,
Exports,IDF,2004,PJ,
Exports,IDF,2005,PJ,
Exports,IDF,2006,PJ,
Exports,IDF,2007,PJ,
Exports,IDF,2008,PJ,
Exports,IDF,2009,PJ,
Exports,IDF,2010,PJ,
Exports,IDF,2011,PJ,
Exports,IDF,2012,PJ,
Exports,IDF,2013,PJ,
Exports,IDF,2014,PJ,
Exports,IDF,2015,PJ,
Exports,IDF,2016,PJ,
Exports,IDF,2017,PJ,
Exports,IDF,2018,PJ,
Exports,IDF,2019,PJ,
Exports,IDF,2020,PJ,
Exports,IDF,2021,PJ,
Exports,IDF,2022,PJ,
Exports,Lighting kerosene,1973,PJ,0.8
Exports,Lighting kerosene,1974,PJ,1
Exports,Lighting kerosene,1975,PJ,1
Exports,Lighting kerosene,1976,PJ,1.5
Exports,Lighting kerosene,1977,PJ,2.2
Exports,Lighting kerosene,1978,PJ,2.5
Exports,Lighting kerosene,1979,PJ,1.1
Exports,Lighting kerosene,1980,PJ,2.2
Exports,Lighting kerosene,1981,PJ,1.4
Exports,Lighting kerosene,1982,PJ,0.8
Exports,Lighting kerosene,1983,PJ,1
Exports,Lighting kerosene,1984,PJ,0.5
Exports,Lighting kerosene,1985,PJ,0.4
Exports,Lighting kerosene,1986,PJ,0.7
Exports,Lighting kerosene,1987,PJ,0.3
Exports,Lighting kerosene,1988,PJ,0.3
Exports,Lighting kerosene,1989,PJ,0.8
Exports,Lighting kerosene,1990,PJ,2.5
Exports,Lighting kerosene,1991,PJ,5
Exports,Lighting kerosene,1992,PJ,2.7
Exports,Lighting kerosene,1993,PJ,1.9
Exports,Lighting kerosene,1994,PJ,5.3
Exports,Lighting kerosene,1995,PJ,0.7
Exports,Lighting kerosene,1996,PJ,1.1
Exports,Lighting kerosene,1997,PJ,1.2
Exports,Lighting kerosene,1998,PJ,1.1
Exports,Lighting kerosene,1999,PJ,0.4
Exports,Lighting kerosene,2000,PJ,0.4
Exports,Lighting kerosene,2001,PJ,0.1
Exports,Lighting kerosene,2002,PJ,
Exports,Lighting kerosene,2003,PJ,
Exports,Lighting kerosene,2004,PJ,
Exports,Lighting kerosene,2005,PJ,
Exports,Lighting kerosene,2006,PJ,
Exports,Lighting kerosene,2007,PJ,
Exports,Lighting kerosene,2008,PJ,
Exports,Lighting kerosene,2009,PJ,
Exports,Lighting kerosene,2010,PJ,
Exports,Lighting kerosene,2011,PJ,
Exports,Lighting kerosene,2012,PJ,
Exports,Lighting kerosene,2013,PJ,
Exports,Lighting kerosene,2014,PJ,
Exports,Lighting kerosene,2015,PJ,
Exports,Lighting kerosene,2016,PJ,
Exports,Lighting kerosene,2017,PJ,
Exports,Lighting kerosene,2018,PJ,
Exports,Lighting kerosene,2019,PJ,
Exports,Lighting kerosene,2020,PJ,
Exports,Lighting kerosene,2021,PJ,
Exports,Lighting kerosene,2022,PJ,
Exports,LPG,1973,PJ,53
Exports,LPG,1974,PJ,53.4
Exports,LPG,1975,PJ,52.1
Exports,LPG,1976,PJ,60.2
Exports,LPG,1977,PJ,76.5
Exports,LPG,1978,PJ,80.9
Exports,LPG,1979,PJ,73.8
Exports,LPG,1980,PJ,68.6
Exports,LPG,1981,PJ,70
Exports,LPG,1982,PJ,62.3
Exports,LPG,1983,PJ,75.6
Exports,LPG,1984,PJ,69.4
Exports,LPG,1985,PJ,78.9
Exports,LPG,1986,PJ,70.9
Exports,LPG,1987,PJ,63.6
Exports,LPG,1988,PJ,57.7
Exports,LPG,1989,PJ,52.6
Exports,LPG,1990,PJ,40
Exports,LPG,1991,PJ,41.6
Exports,LPG,1992,PJ,39.3
Exports,LPG,1993,PJ,34.2
Exports,LPG,1994,PJ,31.5
Exports,LPG,1995,PJ,38.9
Exports,LPG,1996,PJ,64.1
Exports,LPG,1997,PJ,74.8
Exports,LPG,1998,PJ,63.9
Exports,LPG,1999,PJ,73.4
Exports,LPG,2000,PJ,71.6
Exports,LPG,2001,PJ,82.5
Exports,LPG,2002,PJ,86.233
Exports,LPG,2003,PJ,78.745
Exports,LPG,2004,PJ,76.797
Exports,LPG,2005,PJ,75.587
Exports,LPG,2006,PJ,76.258
Exports,LPG,2007,PJ,69.902
Exports,LPG,2008,PJ,67.492
Exports,LPG,2009,PJ,74.955
Exports,LPG,2010,PJ,66.711
Exports,LPG,2011,PJ,57.097
Exports,LPG,2012,PJ,64.411
Exports,LPG,2013,PJ,66.389
Exports,LPG,2014,PJ,57.015
Exports,LPG,2015,PJ,53.709
Exports,LPG,2016,PJ,60.269
Exports,LPG,2017,PJ,61.697
Exports,LPG,2018,PJ,80.279
Exports,LPG,2019,PJ,141.309
Exports,LPG,2020,PJ,128.894
Exports,LPG,2021,PJ,149.16
Exports,LPG,2022,PJ,120.014
Exports,Lubes and greases,1973,PJ,0
Exports,Lubes and greases,1974,PJ,0
Exports,Lubes and greases,1975,PJ,0
Exports,Lubes and greases,1976,PJ,0
Exports,Lubes and greases,1977,PJ,10.7
Exports,Lubes and greases,1978,PJ,10
Exports,Lubes and greases,1979,PJ,9.7
Exports,Lubes and greases,1980,PJ,6.7
Exports,Lubes and greases,1981,PJ,8.8
Exports,Lubes and greases,1982,PJ,8.6
Exports,Lubes and greases,1983,PJ,9.5
Exports,Lubes and greases,1984,PJ,9.5
Exports,Lubes and greases,1985,PJ,7
Exports,Lubes and greases,1986,PJ,8.9
Exports,Lubes and greases,1987,PJ,8.6
Exports,Lubes and greases,1988,PJ,10.3
Exports,Lubes and greases,1989,PJ,9.8
Exports,Lubes and greases,1990,PJ,11.6
Exports,Lubes and greases,1991,PJ,16
Exports,Lubes and greases,1992,PJ,15.6
Exports,Lubes and greases,1993,PJ,15.5
Exports,Lubes and greases,1994,PJ,17.3
Exports,Lubes and greases,1995,PJ,13.6
Exports,Lubes and greases,1996,PJ,14.1
Exports,Lubes and greases,1997,PJ,15.5
Exports,Lubes and greases,1998,PJ,12.4
Exports,Lubes and greases,1999,PJ,10
Exports,Lubes and greases,2000,PJ,10.8
Exports,Lubes and greases,2001,PJ,6.3
Exports,Lubes and greases,2002,PJ,6.323
Exports,Lubes and greases,2003,PJ,4.744
Exports,Lubes and greases,2004,PJ,6.043
Exports,Lubes and greases,2005,PJ,6.945
Exports,Lubes and greases,2006,PJ,8.022
Exports,Lubes and greases,2007,PJ,6.243
Exports,Lubes and greases,2008,PJ,6.365
Exports,Lubes and greases,2009,PJ,7.348
Exports,Lubes and greases,2010,PJ,7.752
Exports,Lubes and greases,2011,PJ,11.173
Exports,Lubes and greases,2012,PJ,16.633
Exports,Lubes and greases,2013,PJ,13.082
Exports,Lubes and greases,2014,PJ,11.581
Exports,Lubes and greases,2015,PJ,10.409
Exports,Lubes and greases,2016,PJ,10.638
Exports,Lubes and greases,2017,PJ,10.396
Exports,Lubes and greases,2018,PJ,10.317
Exports,Lubes and greases,2019,PJ,7.358
Exports,Lubes and greases,2020,PJ,6.617
Exports,Lubes and greases,2021,PJ,4.402
Exports,Lubes and greases,2022,PJ,3.555
Exports,Natural gas,1973,PJ,0
Exports,Natural gas,1974,PJ,0
Exports,Natural gas,1975,PJ,0
Exports,Natural gas,1976,PJ,0
Exports,Natural gas,1977,PJ,0
Exports,Natural gas,1978,PJ,0
Exports,Natural gas,1979,PJ,0
Exports,Natural gas,1980,PJ,0
Exports,Natural gas,1981,PJ,0
Exports,Natural gas,1982,PJ,0
Exports,Natural gas,1983,PJ,0
Exports,Natural gas,1984,PJ,0
Exports,Natural gas,1985,PJ,0
Exports,Natural gas,1986,PJ,0
Exports,Natural gas,1987,PJ,0
Exports,Natural gas,1988,PJ,0
Exports,Natural gas,1989,PJ,109.3
Exports,Natural gas,1990,PJ,185
Exports,Natural gas,1991,PJ,253.5
Exports,Natural gas,1992,PJ,271.1
Exports,Natural gas,1993,PJ,328.1
Exports,Natural gas,1994,PJ,381.8
Exports,Natural gas,1995,PJ,407
Exports,Natural gas,1996,PJ,407.2
Exports,Natural gas,1997,PJ,416.2
Exports,Natural gas,1998,PJ,425.4
Exports,Natural gas,1999,PJ,431
Exports,Natural gas,2000,PJ,409.6
Exports,Natural gas,2001,PJ,413.4
Exports,Natural gas,2002,PJ,425.758
Exports,Natural gas,2003,PJ,430.514
Exports,Natural gas,2004,PJ,576.035
Exports,Natural gas,2005,PJ,654.39
Exports,Natural gas,2006,PJ,779.676
Exports,Natural gas,2007,PJ,744.095
Exports,Natural gas,2008,PJ,838.297
Exports,Natural gas,2009,PJ,986.897
Exports,Natural gas,2010,PJ,1101.981
Exports,Natural gas,2011,PJ,1041.36
Exports,Natural gas,2012,PJ,1298.109
Exports,Natural gas,2013,PJ,1283.933
Exports,Natural gas,2014,PJ,1382.526
Exports,Natural gas,2015,PJ,2059.383
Exports,Natural gas,2016,PJ,2911.092
Exports,Natural gas,2017,PJ,3441.255
Exports,Natural gas,2018,PJ,4167.31
Exports,Natural gas,2019,PJ,4413.469
Exports,Natural gas,2020,PJ,4314.444
Exports,Natural gas,2021,PJ,4636.772
Exports,Natural gas,2022,PJ,4540.948
Exports,Other petroleum products,1973,PJ,17.9
Exports,Other petroleum products,1974,PJ,15.2
Exports,Other petroleum products,1975,PJ,18.4
Exports,Other petroleum products,1976,PJ,21.6
Exports,Other petroleum products,1977,PJ,1.6
Exports,Other petroleum products,1978,PJ,12.6
Exports,Other petroleum products,1979,PJ,6.3
Exports,Other petroleum products,1980,PJ,4.1
Exports,Other petroleum products,1981,PJ,0.7
Exports,Other petroleum products,1982,PJ,0.6
Exports,Other petroleum products,1983,PJ,0.5
Exports,Other petroleum products,1984,PJ,0.6
Exports,Other petroleum products,1985,PJ,1.3
Exports,Other petroleum products,1986,PJ,2.4
Exports,Other petroleum products,1987,PJ,5
Exports,Other petroleum products,1988,PJ,6.8
Exports,Other petroleum products,1989,PJ,9.7
Exports,Other petroleum products,1990,PJ,5.7
Exports,Other petroleum products,1991,PJ,12.4
Exports,Other petroleum products,1992,PJ,15
Exports,Other petroleum products,1993,PJ,10.5
Exports,Other petroleum products,1994,PJ,10.1
Exports,Other petroleum products,1995,PJ,12.7
Exports,Other petroleum products,1996,PJ,21.8
Exports,Other petroleum products,1997,PJ,12.4
Exports,Other petroleum products,1998,PJ,8.7
Exports,Other petroleum products,1999,PJ,5.8
Exports,Other petroleum products,2000,PJ,7.1
Exports,Other petroleum products,2001,PJ,6.9
Exports,Other petroleum products,2002,PJ,2.632
Exports,Other petroleum products,2003,PJ,2.085
Exports,Other petroleum products,2004,PJ,2.449
Exports,Other petroleum products,2005,PJ,2.401
Exports,Other petroleum products,2006,PJ,2.666
Exports,Other petroleum products,2007,PJ,1.842
Exports,Other petroleum products,2008,PJ,1.676
Exports,Other petroleum products,2009,PJ,1.345
Exports,Other petroleum products,2010,PJ,7.503
Exports,Other petroleum products,2011,PJ,4.83
Exports,Other petroleum products,2012,PJ,1.551
Exports,Other petroleum products,2013,PJ,2.152
Exports,Other petroleum products,2014,PJ,2.641
Exports,Other petroleum products,2015,PJ,2.107
Exports,Other petroleum products,2016,PJ,5.778
Exports,Other petroleum products,2017,PJ,12.798
Exports,Other petroleum products,2018,PJ,16.329
Exports,Other petroleum products,2019,PJ,11.468
Exports,Other petroleum products,2020,PJ,13.66
Exports,Other petroleum products,2021,PJ,2.428
Exports,Other petroleum products,2022,PJ,2.396
